{"cameraMode":{"drawMode":0,"name":"Shaded","section":"Shading Mode"},"sceneLighting":true,"audioPlay":false,"sceneViewState":{"m_AlwaysRefresh":false,"showFog":true,"showSkybox":true,"showFlares":true,"showImageEffects":true,"showParticleSystems":true,"showVisualEffectGraphs":true,"m_FxEnabled":true},"in2DMode":false,"pivot":{"x":-60.590328216552737,"y":0.5567234754562378,"z":-44.2982063293457},"rotation":{"x":-0.01970471814274788,"y":-0.9759273529052734,"z":0.19306926429271699,"w":-0.09960361570119858},"size":30.443897247314454,"orthographic":false}