{"cameraMode":{"drawMode":0,"name":"Shaded","section":"Shading Mode"},"sceneLighting":false,"audioPlay":false,"sceneViewState":{"m_AlwaysRefresh":false,"showFog":true,"showSkybox":false,"showFlares":true,"showImageEffects":true,"showParticleSystems":true,"showVisualEffectGraphs":true,"m_FxEnabled":true},"in2DMode":false,"pivot":{"x":-0.9691805839538574,"y":-0.8725330829620361,"z":0.16549821197986604},"rotation":{"x":-0.17083454132080079,"y":0.7157498002052307,"z":-0.18796208500862122,"w":-0.6505301594734192},"size":2.984457015991211,"orthographic":false}