{"cameraMode":{"drawMode":0,"name":"Shaded","section":"Shading Mode"},"sceneLighting":true,"audioPlay":false,"sceneViewState":{"m_AlwaysRefresh":false,"showFog":true,"showSkybox":false,"showFlares":true,"showImageEffects":true,"showParticleSystems":true,"showVisualEffectGraphs":true,"m_FxEnabled":true},"in2DMode":false,"pivot":{"x":0.3310904800891876,"y":0.7284778356552124,"z":-0.5730156898498535},"rotation":{"x":-0.02040928229689598,"y":0.9712037444114685,"z":-0.21953663229942323,"w":-0.09028850495815277},"size":0.9396492838859558,"orthographic":false}