{"cameraMode":{"drawMode":0,"name":"Shaded","section":"Shading Mode"},"sceneLighting":true,"audioPlay":false,"sceneViewState":{"m_AlwaysRefresh":false,"showFog":true,"showSkybox":false,"showFlares":true,"showImageEffects":true,"showParticleSystems":true,"showVisualEffectGraphs":true,"m_FxEnabled":true},"in2DMode":false,"pivot":{"x":0.0009669536957517266,"y":0.010248832404613495,"z":-0.00006318092346191406},"rotation":{"x":-0.10721857845783234,"y":0.8042780160903931,"z":-0.1528526246547699,"w":-0.5641616582870483},"size":2.2484564781188967,"orthographic":false}