{"cameraMode":{"drawMode":0,"name":"Shaded","section":"Shading Mode"},"sceneLighting":true,"audioPlay":false,"sceneViewState":{"m_AlwaysRefresh":false,"showFog":true,"showSkybox":false,"showFlares":true,"showImageEffects":true,"showParticleSystems":true,"showVisualEffectGraphs":true,"m_FxEnabled":true},"in2DMode":false,"pivot":{"x":0.2861156761646271,"y":0.242427796125412,"z":-0.82586669921875},"rotation":{"x":0.012811416760087014,"y":0.9871389865875244,"z":-0.10733669251203537,"w":0.11782869696617127},"size":0.8660253882408142,"orthographic":false}