{"cameraMode":{"drawMode":0,"name":"Shaded","section":"Shading Mode"},"sceneLighting":true,"audioPlay":false,"sceneViewState":{"m_AlwaysRefresh":false,"showFog":true,"showSkybox":false,"showFlares":true,"showImageEffects":true,"showParticleSystems":true,"showVisualEffectGraphs":true,"m_FxEnabled":true},"in2DMode":false,"pivot":{"x":-0.5450087785720825,"y":1.2409803867340088,"z":0.08838501572608948},"rotation":{"x":-0.11120010912418366,"y":0.7102305293083191,"z":-0.11520564556121826,"w":-0.6855235695838928},"size":0.5660253763198853,"orthographic":false}