{"cameraMode":{"drawMode":0,"name":"Shaded","section":"Shading Mode"},"sceneLighting":true,"audioPlay":false,"sceneViewState":{"m_AlwaysRefresh":false,"showFog":true,"showSkybox":false,"showFlares":true,"showImageEffects":true,"showParticleSystems":true,"showVisualEffectGraphs":true,"m_FxEnabled":true},"in2DMode":false,"pivot":{"x":0.20313315093517304,"y":0.02317523956298828,"z":2.73012113571167},"rotation":{"x":-0.5092072486877441,"y":-0.011104554869234562,"z":0.006569087505340576,"w":-0.8605530261993408},"size":3.2660250663757326,"orthographic":false}